sofifa_id,long_name,age,pace,shooting,dribbling,attacking_crossing,attacking_finishing,attacking_heading_accuracy,attacking_short_passing,attacking_volleys,skill_ball_control,movement_sprint_speed,movement_agility,movement_reactions,movement_balance,power_shot_power,power_long_shots,mentality_vision,pt_total,craques
0,Robert Lewandowski,31,78.0,91.0,85.0,71,94,85,84,89,88,78,77,93,82,89,85,79,84.25,1
1,Karim Benzema,32,74.0,85.0,86.0,75,88,91,86,86,90,72,79,91,69,84,79,87,82.625,1
2,Harry Kane,26,68.0,91.0,80.0,75,94,85,81,85,84,69,69,90,73,91,86,83,81.5,1
3,Antoine Griezmann,29,79.0,85.0,88.0,83,88,83,84,87,89,79,91,92,83,81,82,85,84.9375,1
4,Roberto Firmino Barbosa de Oliveira,28,77.0,80.0,90.0,73,80,75,87,85,91,77,85,90,86,82,77,86,82.5625,1
5,Jamie Vardy,33,88.0,85.0,78.0,68,92,79,69,82,81,87,72,90,75,87,65,73,79.4375,1
6,Timo Werner,24,91.0,85.0,84.0,69,88,78,78,86,85,89,83,87,76,85,78,65,81.6875,1
7,Dries Mertens,33,86.0,82.0,89.0,79,84,40,82,70,89,82,94,86,92,80,81,83,81.1875,1
8,Anthony Martial,24,89.0,83.0,87.0,72,85,71,80,75,87,90,83,82,79,83,79,77,81.375,1
9,Iago Aspas Juncal,32,82.0,85.0,86.0,80,89,77,79,83,86,86,90,84,72,79,81,79,82.375,1
10,Wissam Ben Yedder,29,84.0,83.0,87.0,74,88,74,82,84,87,82,91,86,89,83,71,80,82.8125,1
11,Raúl Alonso Jiménez Rodríguez,29,78.0,82.0,82.0,73,84,85,81,82,83,82,75,83,68,83,74,78,79.5625,1
12,Gabriel Fernando de Jesus,23,85.0,82.0,87.0,66,85,77,77,77,86,83,91,87,90,81,76,77,81.6875,1
13,Zlatan Ibrahimović,38,52.0,88.0,79.0,68,86,80,78,88,86,52,71,82,39,90,88,84,75.6875,1
14,Gonzalo Gerardo Higuaín,32,65.0,85.0,80.0,68,87,77,75,85,83,67,71,84,69,86,80,75,77.3125,1
15,Carlos Alberto Vela Garrido,31,80.0,82.0,84.0,78,85,67,81,82,85,80,81,83,81,76,84,81,80.625,1
16,Edin Džeko,34,59.0,84.0,75.0,63,88,83,77,77,85,58,56,83,36,86,79,75,72.75,1
17,Alexandre Lacazette,29,76.0,82.0,84.0,68,83,75,79,79,85,75,81,84,82,87,78,78,79.75,1
18,Dušan Tadić,31,66.0,80.0,84.0,84,83,66,85,79,87,66,77,81,84,78,76,87,78.9375,1
19,Duván Esteban Zapata Banguera,29,75.0,81.0,78.0,44,88,83,75,77,81,78,67,82,60,86,64,59,73.625,1
20,Marko Arnautović,31,80.0,82.0,79.0,78,81,79,82,79,83,82,72,78,80,85,82,81,80.1875,1
21,André-Pierre Gignac,34,67.0,83.0,74.0,72,85,79,75,79,76,66,66,78,57,84,79,76,74.75,1
22,Wout Weghorst,27,65.0,82.0,69.0,42,86,88,76,80,79,72,63,83,44,84,70,65,71.75,1
23,Lourival Adnan Beretta Barbosa,28,78.0,84.0,72.0,56,85,83,73,82,74,82,60,84,47,85,82,58,74.0625,1
24,Marvin Oswaldo Rangel Azevedo,28,76.0,81.0,77.0,68,85,82,71,72,77,76,75,82,66,79,76,70,75.8125,1
25,Alassane Plea,27,73.0,83.0,79.0,78,85,73,79,79,80,70,79,81,78,84,82,80,78.9375,1
26,Bafétimbi Fredius Gomis,34,67.0,82.0,76.0,64,84,84,75,81,80,67,59,78,58,84,75,73,74.1875,1
27,Radamel Falcao García Zárate,34,64.0,80.0,76.0,55,83,84,79,80,81,62,75,82,75,78,75,67,74.75,1
28,Raúl García Escudero,33,46.0,83.0,78.0,80,83,90,83,55,84,46,57,83,63,85,86,83,74.0625,1
29,Luuk de Jong,29,55.0,78.0,69.0,66,80,93,78,84,77,55,57,81,60,84,69,69,72.1875,1
30,Alexander Isak,20,82.0,80.0,78.0,61,82,70,72,81,81,83,80,74,68,84,73,76,76.5625,1
31,Dominic Calvert-Lewin,23,83.0,76.0,75.0,65,78,85,70,73,76,87,72,79,64,79,65,64,74.4375,1
32,Carlos Vinícius Alves Morais,25,75.0,80.0,75.0,45,83,70,68,76,78,76,65,81,42,84,70,62,70.625,1
33,Kasper Dolberg,22,73.0,81.0,77.0,50,81,74,79,78,79,75,72,74,64,86,79,77,74.9375,1
34,João Paulo Dias Fernandes,27,67.0,78.0,74.0,66,82,85,68,78,78,67,64,80,71,80,68,73,73.6875,1
35,Borja Iglesias Quintas,27,66.0,78.0,73.0,50,79,80,72,71,77,69,61,78,72,80,73,71,71.875,1
36,Cristhian Ricardo Stuani Curbelo,33,67.0,81.0,73.0,68,85,85,77,75,75,67,65,79,62,78,74,69,73.75,1
37,Francesco Caputo,32,83.0,79.0,78.0,50,82,75,68,80,76,83,83,82,78,77,71,65,75.625,1
38,艾克森,30,83.0,80.0,79.0,67,80,72,75,76,79,80,83,75,87,86,72,78,78.25,1
39,Abderrazak Hamdallah,29,76.0,80.0,75.0,66,84,78,72,77,76,76,78,78,70,79,71,71,75.4375,1
40,Darío Ismael Benedetto,30,77.0,80.0,75.0,55,81,78,72,73,78,78,72,76,71,84,78,71,74.9375,1
41,Luan Vágner Boas Macedo,20,83.0,79.0,81.0,42,81,76,74,76,81,80,82,85,73,75,82,75,76.5625,1
42,Aluísio Chaves Ribeiro Moraes Júnior,33,79.0,80.0,77.0,36,84,69,78,73,77,79,72,82,73,75,80,64,73.625,1
43,Patrik Schick,24,70.0,76.0,81.0,64,79,80,78,74,83,70,83,76,67,74,74,73,75.125,1
44,Lisandro López,37,69.0,80.0,77.0,66,81,79,76,74,80,69,76,76,73,82,75,75,75.5,1
45,Dieumerci Mbokani Bezua,34,67.0,78.0,77.0,54,81,78,75,74,82,66,78,74,66,78,69,75,73.25,1
46,Michail Antonio,30,84.0,75.0,78.0,75,75,84,75,66,75,87,83,76,76,79,72,74,77.125,1
47,Youssef El Arabi,33,71.0,81.0,78.0,61,84,76,69,85,80,68,82,74,57,78,76,72,74.5,1
48,Callum Wilson,28,82.0,77.0,76.0,61,81,78,70,71,76,85,75,77,73,77,68,70,74.8125,1
49,Leonardo Carrilho Baptistão,27,78.0,75.0,79.0,67,74,76,79,77,79,81,83,81,75,79,73,75,76.9375,1
50,Florian Niederlechner,29,78.0,78.0,74.0,54,81,69,74,78,75,81,67,79,66,84,69,68,73.4375,1
51,Fred Claudinei Tófoli Vilela,32,73.0,80.0,74.0,50,83,81,69,74,74,73,82,74,80,78,77,65,74.1875,1
52,Matheus Jadson Bardeira Cunha,20,73.0,82.0,69.0,59,86,91,66,70,70,70,70,68,67,87,80,65,73.3125,1
53,Bruno Petković,25,77.0,74.0,78.0,64,76,79,83,78,82,78,77,72,51,82,61,85,74.8125,1
54,Aleksandar Mitrović,25,65.0,77.0,70.0,29,78,80,70,77,76,69,67,77,63,82,70,68,69.875,0
55,José Salomón Rondón Giménez,30,69.0,76.0,71.0,59,76,82,73,75,72,71,64,76,83,85,69,69,73.125,1
56,Johnathan Aparecido da Silva,30,81.0,77.0,76.0,60,78,80,68,70,74,81,79,69,76,80,79,62,74.375,1
57,Raúl Mario Ruidíaz Misitich,29,84.0,79.0,77.0,67,82,74,70,71,74,86,83,78,86,76,78,65,76.875,1
58,Omar Jehad Al Somah,31,69.0,79.0,72.0,68,80,77,70,67,75,69,69,75,66,85,76,71,73.0,1
59,Giovanni Pablo Simeone,24,76.0,75.0,76.0,40,78,79,68,72,76,76,75,76,73,79,66,60,71.5625,1
60,Ollie Watkins,24,83.0,73.0,74.0,67,77,80,70,60,73,86,79,74,73,74,69,74,74.125,1
61,Habibou Mouhamadou Diallo,25,71.0,75.0,71.0,35,81,81,66,66,72,73,64,75,66,77,61,55,68.0625,0
62,Ludovic Ajorque,26,63.0,76.0,68.0,47,80,83,68,64,73,64,57,72,32,79,68,65,66.1875,0
63,Andraž Šporar,26,76.0,75.0,73.0,68,77,73,69,75,76,76,75,75,66,78,68,70,73.125,1
64,Álvaro Negredo Sánchez,34,63.0,78.0,70.0,45,77,82,71,77,71,63,67,74,60,83,76,68,70.3125,1
65,Roberto Soldado Rillo,35,54.0,78.0,73.0,66,79,78,79,81,77,54,64,77,62,79,72,75,71.75,1
66,Alan Kardec de Souza Pereira Junior,31,75.0,76.0,71.0,68,78,82,67,67,73,75,70,75,63,78,74,59,71.9375,1
67,Fedor Smolov,30,82.0,75.0,76.0,68,74,69,75,77,77,81,75,74,66,79,73,75,74.75,1
68,Teemu Pukki,30,76.0,75.0,75.0,45,80,62,71,74,77,75,77,83,72,75,64,71,72.0,1
69,Fabian Klos,32,64.0,76.0,64.0,46,79,84,72,73,68,74,46,77,43,79,66,71,67.625,0
70,Santiago Damián García Correa,29,66.0,79.0,71.0,55,80,75,65,76,74,65,68,76,60,82,73,72,71.0625,1
71,Sebastian Andersson,28,63.0,76.0,69.0,32,80,83,72,74,74,64,61,75,55,77,66,62,67.6875,0
72,Myron Boadu,19,88.0,74.0,76.0,52,80,61,69,68,75,87,87,79,74,74,66,66,73.5,1
73,Odsonne Édouard,22,82.0,74.0,80.0,58,79,72,72,62,78,80,82,68,84,74,68,73,74.125,1
74,José Juan Macías Guzmán,20,73.0,75.0,74.0,52,79,74,72,60,76,73,65,72,71,73,68,55,69.5,0
75,Arthur Mendonça Cabral,22,71.0,74.0,72.0,50,76,75,73,76,75,71,68,68,62,77,69,58,69.6875,0
76,Antonio Martínez López,23,71.0,75.0,72.0,46,76,73,69,75,74,72,67,76,56,78,71,64,69.6875,0
77,Alfredo José Morelos Aviléz,24,81.0,73.0,71.0,56,79,74,67,55,71,80,61,66,84,77,63,64,70.125,1
78,Andreas Evald Cornelius,27,61.0,75.0,67.0,42,77,80,71,68,74,61,49,71,62,79,68,59,66.5,0
79,Henry Josué Martín Mex,27,75.0,74.0,75.0,64,76,76,68,69,75,76,85,74,74,79,68,66,73.375,1
80,José Gustavo Sand,39,51.0,79.0,65.0,53,81,77,69,77,75,53,38,81,27,77,73,69,65.3125,0
81,Rodrigo Sebastián Palacio,38,72.0,71.0,82.0,72,75,73,76,76,84,71,78,77,82,70,60,77,74.75,1
82,Graziano Pellè,34,44.0,75.0,63.0,44,76,90,78,79,71,50,32,82,73,78,66,74,67.1875,0
83,Hugo Rodallega Martínez,34,72.0,73.0,77.0,69,74,75,74,70,78,72,73,73,74,75,72,69,73.125,1
84,Ignacio Martín Scocco,35,70.0,80.0,82.0,64,78,54,76,77,81,70,79,74,84,83,81,74,75.4375,1
85,Gonzalo Rubén Bergessio,35,68.0,75.0,68.0,58,83,82,65,67,66,65,73,75,70,74,59,65,69.5625,0
86,Ola Toivonen,33,50.0,77.0,73.0,72,78,78,77,74,76,50,62,75,60,77,76,76,70.6875,1
87,Rouwen Hennings,32,65.0,80.0,68.0,61,81,73,64,72,71,66,62,74,67,84,79,59,70.375,1
88,Franco Daniel Jara,31,76.0,75.0,74.0,67,76,72,72,72,76,77,75,72,61,76,73,65,72.4375,1
89,Robert Berić,29,59.0,76.0,68.0,52,81,75,73,69,72,58,58,77,53,73,69,70,67.6875,0
90,Estevão Daniel Formoso Serpa,28,77.0,77.0,73.0,57,76,77,65,72,73,78,77,73,71,85,77,56,72.75,1
91,Kodjo Fo-Doh Laba,28,79.0,75.0,68.0,65,78,78,64,76,68,81,78,76,65,76,65,62,72.125,1
92,Nahuel Lautaro Bustos,21,79.0,74.0,77.0,65,75,63,71,63,75,79,81,73,83,75,74,63,73.125,1
93,Fedor Chalov,22,75.0,72.0,75.0,63,75,67,73,72,76,74,75,77,72,70,64,74,72.125,1
94,Serhou Yadaly Guirassy,24,69.0,74.0,74.0,54,78,73,66,71,78,70,68,69,63,73,64,66,69.375,0
95,Jacinto Muondo Dala,23,86.0,72.0,77.0,61,73,60,66,73,76,85,84,75,78,75,68,67,73.5,1
96,Ihlas Bebou,26,92.0,72.0,79.0,68,76,58,73,68,77,93,83,74,74,68,67,68,74.375,1
97,Roger Claver Djapone Assalé,26,90.0,73.0,81.0,68,77,54,72,69,77,88,91,81,89,76,66,71,76.4375,1
98,Jozy Altidore,30,67.0,75.0,69.0,46,77,75,67,70,71,68,62,69,55,81,68,68,68.0,0
99,Simon Terodde,32,62.0,76.0,65.0,50,78,79,64,75,72,71,52,77,56,79,72,59,67.9375,0
100,Nicolai Mick Jørgensen,29,67.0,75.0,71.0,64,75,73,74,70,75,66,64,73,56,80,74,74,70.6875,1
101,Darío Lezcano,30,80.0,74.0,73.0,64,75,68,68,65,73,80,79,68,74,76,71,74,72.625,1
102,Erick Ronaldo Gameira Carvalho,28,80.0,75.0,73.0,61,77,76,61,76,71,82,78,77,65,73,71,55,71.9375,1
103,Adam Armstrong,23,90.0,73.0,75.0,62,74,61,68,66,73,88,87,73,90,73,74,66,74.5625,1
104,Boulaye Dia,23,76.0,73.0,72.0,36,76,69,65,64,73,78,65,68,61,76,65,56,67.0625,0
105,Dimitrios Pelkas,26,80.0,69.0,76.0,70,65,46,74,70,75,78,81,66,84,73,75,72,72.125,1
106,Jamie Maclaren,26,80.0,72.0,71.0,57,79,67,63,64,67,78,84,74,77,69,60,63,70.3125,1
107,Felipe Andrés Mora Aliaga,26,80.0,74.0,72.0,32,77,71,66,66,72,77,75,67,69,75,69,57,68.6875,0
108,Dia Saba,27,89.0,68.0,75.0,69,68,46,72,66,73,89,84,69,80,73,65,70,72.25,1
109,Lior Refaelov,34,65.0,74.0,75.0,68,70,43,73,73,75,62,75,69,78,78,75,75,70.5,1
110,Giovani dos Santos Ramírez,31,78.0,66.0,78.0,68,60,50,77,72,78,76,78,70,78,71,70,70,71.25,1
111,Lewis Grabban,32,69.0,73.0,69.0,62,76,73,65,74,69,69,72,69,69,73,66,56,69.0,0
112,Kaiansu Kei Kamara,35,73.0,72.0,71.0,64,73,80,66,68,70,73,71,73,65,75,64,61,69.9375,0
113,Ola Williams Kamara,30,74.0,73.0,71.0,54,75,68,64,77,75,76,72,75,70,75,64,63,70.375,1
114,Samuel Di Carmine,31,67.0,73.0,73.0,45,75,72,62,66,72,64,79,70,61,79,65,49,67.0,0
115,Dayro Mauricio Moreno Galindo,34,65.0,75.0,73.0,65,73,69,76,75,72,66,70,75,69,78,74,78,72.0625,1
116,Wilfried Guemiand Bony,31,48.0,76.0,68.0,45,74,78,68,76,75,48,42,70,66,83,72,63,65.75,0
117,Borja González Tomás,27,48.0,75.0,65.0,51,75,77,69,76,74,54,61,74,35,80,71,65,65.625,0
118,Esteban Efraín Paredes Quintanilla,39,59.0,76.0,72.0,63,81,70,69,65,75,63,72,72,65,73,69,67,69.4375,0
119,Leandro Damião da Silva dos Santos,30,56.0,74.0,69.0,44,73,77,67,77,74,66,50,68,38,76,72,63,65.25,0
120,Bogdan Sorin Stancu,33,72.0,74.0,71.0,62,75,70,69,71,73,73,74,71,62,72,69,78,71.0,1
121,Júlio Carolino Tavares,31,55.0,73.0,69.0,39,75,81,69,69,72,50,66,74,45,74,69,63,65.1875,0
122,Adis Jahović,33,69.0,74.0,66.0,36,77,76,63,60,67,69,56,69,47,77,65,44,63.4375,0
123,José Henrique da Silva Dourado,30,68.0,75.0,65.0,56,76,81,70,70,66,68,73,70,63,74,69,68,69.5,0
124,Juan Martín Lucero,28,81.0,71.0,73.0,57,75,75,69,69,73,80,78,71,77,69,65,57,71.25,1
125,Rodolfo Dilson Pitta Fonseca,20,51.0,75.0,64.0,69,75,81,71,70,72,53,50,73,60,80,69,68,67.5625,0
126,Fernando Matías Zampedri,32,67.0,74.0,70.0,50,76,78,63,63,69,69,67,67,55,75,72,56,66.9375,0
127,Cyle Larin,25,68.0,72.0,66.0,35,73,74,68,58,69,71,63,67,47,80,66,67,65.25,0
128,Vangelis Pavlidis,21,74.0,73.0,68.0,58,75,73,60,63,67,76,65,67,70,74,72,55,68.125,0
129,Callum Robinson,25,84.0,72.0,74.0,69,76,63,65,59,73,83,82,71,68,70,68,73,71.875,1
130,Paul Ebere Onuachu,26,69.0,68.0,68.0,41,73,77,69,54,74,73,46,72,31,67,61,68,63.1875,0
131,Amaral Alves Marcos Vinicius,26,69.0,71.0,63.0,34,75,77,63,62,65,69,60,68,36,75,63,40,61.875,0
132,Loïs Diony,27,72.0,72.0,70.0,67,72,68,66,66,70,74,64,69,72,80,67,67,69.75,0
133,Fábio Gonçalves Abreu,27,77.0,73.0,70.0,37,74,67,65,72,70,80,69,72,64,76,67,57,68.125,0
134,Christian Alejandro Tabó Hornos,26,86.0,66.0,75.0,62,71,64,66,54,75,85,87,64,70,71,54,60,69.375,0
135,Youssoufou Niakaté,27,92.0,73.0,68.0,58,74,61,62,68,64,91,91,68,67,78,71,62,71.75,1
136,Santiago Martín Silva Olivera,39,34.0,75.0,65.0,52,74,80,65,69,70,34,52,75,51,82,69,68,63.4375,0
137,Gustavo Adrián Ramos Vásquez,34,75.0,70.0,68.0,67,70,74,66,70,71,75,72,72,67,75,65,67,70.25,1
138,Lukas Jutkiewicz,31,60.0,71.0,65.0,58,73,81,54,63,71,64,52,73,62,76,62,71,66.0,0
139,Demba Ba,35,69.0,74.0,68.0,66,75,65,69,74,71,69,57,72,53,74,67,69,68.25,0
140,Gleidionor Figueiredo Pinto Júnior,33,74.0,72.0,69.0,41,79,72,65,73,72,77,64,62,60,74,55,57,66.625,0
141,岡崎 慎司,34,62.0,70.0,74.0,66,69,74,74,76,73,60,76,78,67,75,65,69,70.5,1
142,Moisés Lima Magalhães,32,69.0,74.0,71.0,62,74,69,73,63,73,72,58,69,71,78,77,74,70.4375,1
143,Denis Alibec,29,70.0,74.0,71.0,62,74,64,67,68,72,67,67,65,63,75,72,71,68.875,0
144,Stanislav Tecl,29,79.0,67.0,72.0,58,70,73,66,70,72,78,74,70,81,65,61,65,70.0625,1
145,Tom Barkhuizen,26,94.0,66.0,71.0,67,68,57,62,42,69,94,79,67,75,72,61,65,69.3125,0
146,Serdar Dursun,28,64.0,72.0,69.0,48,80,74,59,67,73,67,64,65,55,68,58,52,64.6875,0
147,Gyasi Zardes,28,84.0,70.0,69.0,41,71,66,60,68,67,87,76,70,52,77,62,59,67.4375,0
148,Jean-David Beauguel,28,68.0,72.0,68.0,30,74,76,61,68,71,68,56,65,43,75,65,58,63.625,0
149,Andrés Eliseo Chávez,29,71.0,75.0,70.0,66,71,70,61,76,67,73,63,69,66,81,78,73,70.625,1
150,Henk Veerman,29,73.0,71.0,58.0,29,75,78,65,56,66,77,35,71,33,76,60,44,60.4375,0
151,Santiago André da Bruma Reis,24,86.0,70.0,77.0,73,73,67,76,77,75,85,88,81,83,61,69,68,75.5625,1
152,Hélton Luiz Celanova Vieira,28,53.0,76.0,66.0,42,73,76,71,77,73,53,68,67,56,86,72,65,67.125,0
153,Matheus Jadson Vidigal Morais,28,77.0,76.0,64.0,51,74,70,67,76,61,76,69,75,77,81,77,51,70.125,1
154,Carlos Daniel López Huesca,30,81.0,73.0,76.0,63,75,59,70,68,73,77,82,73,85,71,73,70,73.0625,1
155,Makhete Diop,32,68.0,70.0,68.0,61,73,83,63,66,66,70,65,70,67,72,65,66,68.3125,0
156,Josh Maja,21,75.0,70.0,70.0,51,73,64,73,62,72,77,60,70,66,70,68,64,67.8125,0
157,Adrian Grbić,23,72.0,75.0,68.0,52,76,68,56,67,72,75,66,62,63,73,75,52,67.0,0
158,Mauro Andrés Manotas Páez,24,72.0,71.0,70.0,51,74,65,70,62,69,72,72,70,72,75,62,60,67.9375,0
159,Smail Prevljak,25,68.0,72.0,70.0,62,75,62,63,72,73,69,71,71,59,74,66,57,67.75,0
160,Saido Berahino,26,74.0,72.0,73.0,62,72,64,68,69,77,74,65,68,67,74,70,70,69.9375,0
161,Patrick Bamford,26,71.0,69.0,70.0,58,70,67,68,64,74,73,69,69,63,72,62,64,67.6875,0
162,Leke Samson James,27,71.0,70.0,71.0,60,72,70,59,65,73,72,75,67,69,74,63,52,67.6875,0
163,Mame Baba Thiam,27,75.0,69.0,74.0,69,70,71,67,68,75,76,76,64,64,72,67,68,70.3125,1
164,Felipe Nicolás Avenatti Dovillabichus,27,50.0,68.0,68.0,43,71,80,75,65,74,47,52,70,35,68,64,71,62.5625,0
165,Christoph Monschein,27,87.0,70.0,71.0,48,76,62,58,62,69,91,76,68,71,69,59,62,68.6875,0
166,Felipe de Sousa Silva,27,71.0,70.0,64.0,30,74,76,64,56,68,72,67,61,72,76,61,65,65.4375,0
167,Mauricio Ricardo Pinilla Ferreira,36,54.0,74.0,63.0,51,72,79,59,75,66,55,56,71,47,82,71,57,64.5,0
168,Ricardo Jorge Vaz Tê,33,74.0,71.0,69.0,64,71,76,66,65,70,74,76,64,58,79,65,68,69.375,0
169,Mevlüt Erdinç,33,69.0,72.0,69.0,56,74,72,65,68,71,70,69,71,73,74,67,69,69.3125,0
170,Milan Škoda,34,55.0,71.0,66.0,59,71,80,66,71,72,55,48,65,54,71,69,64,64.8125,0
171,Brown Ideye Aide,31,73.0,71.0,67.0,60,71,70,67,72,66,73,72,71,69,74,69,61,69.125,0
172,Bengali-Fodé Koita,29,76.0,69.0,72.0,62,70,67,65,60,73,78,69,65,54,79,60,57,67.25,0
173,Héber Araújo dos Santos,28,67.0,70.0,65.0,46,77,72,64,77,69,68,66,75,70,65,58,54,66.4375,0
174,Isaac Kiese Thelin,28,59.0,69.0,65.0,46,71,77,69,65,68,67,63,73,51,71,61,72,65.4375,0
175,Philipp Hofmann,27,57.0,72.0,60.0,31,74,78,63,60,68,66,46,69,34,83,62,58,61.3125,0
176,Harlem-Eddy Gnohéré,32,66.0,72.0,64.0,45,75,71,64,70,63,68,58,69,59,75,64,58,65.0625,0
177,Romell Samir Quioto Robinson,28,78.0,66.0,72.0,73,66,70,69,49,69,78,82,66,68,68,68,65,69.1875,0
178,Gianluca Lapadula,30,72.0,70.0,73.0,50,74,72,64,74,72,72,78,70,78,70,58,61,69.25,0
179,김승대 金承大,29,89.0,65.0,72.0,62,68,61,70,55,72,89,75,74,74,65,62,71,70.25,1
180,Viðar Örn Kjartansson,30,70.0,72.0,64.0,35,76,70,58,67,63,72,62,76,73,70,63,54,65.3125,0
181,Kaveh Rezaei,28,67.0,72.0,66.0,67,71,75,70,66,68,68,64,71,63,77,71,71,69.1875,0
182,Vladyslav Supryaga,20,87.0,70.0,72.0,28,74,54,66,54,71,87,78,75,62,68,66,47,66.1875,0
183,Marc Gual Huguet,24,76.0,68.0,70.0,48,70,68,66,68,70,78,65,64,66,70,65,58,66.875,0
184,Aaron Leya Iseka,22,81.0,71.0,69.0,68,72,67,62,68,68,79,67,62,69,75,70,59,69.1875,0
185,Ibrahim Sissoko,24,76.0,70.0,66.0,40,73,70,66,47,70,78,56,55,46,71,65,53,62.625,0
186,Ashley Fletcher,24,74.0,69.0,67.0,23,71,74,59,53,65,77,75,68,56,75,66,49,63.8125,0
187,Carlos Strandberg,24,80.0,70.0,61.0,50,72,58,59,65,65,86,41,67,50,78,63,59,64.0,0
188,Elvir Koljić,24,61.0,70.0,62.0,33,74,74,62,64,62,59,69,68,49,78,55,48,61.75,0
189,Hendrik Weydandt,24,75.0,67.0,57.0,30,75,78,54,67,62,84,47,66,35,71,48,56,60.75,0
190,Bryan Giovanni Róchez Mejia,25,74.0,66.0,69.0,44,71,75,61,68,68,75,70,71,66,68,52,47,65.3125,0
191,Douglas Willian da Silva Souza,26,35.0,74.0,59.0,29,76,76,58,70,64,34,37,74,36,79,66,54,57.5625,0
192,Benik Afobe,27,76.0,70.0,67.0,46,74,64,66,70,70,77,69,68,65,68,64,64,67.375,0
193,Christoffer Nyman,27,84.0,67.0,67.0,51,68,67,65,70,65,86,70,71,59,69,64,68,68.1875,0
194,Lucas Eduardo dos Santos João,26,69.0,69.0,69.0,47,70,70,60,63,70,73,65,64,43,77,65,62,64.75,0
195,Igor Alberto Rinck de Camargo,37,39.0,71.0,66.0,54,72,80,70,66,72,38,48,63,55,73,68,72,62.9375,0
196,Juan Francisco Martínez Modesto,40,57.0,74.0,70.0,59,80,55,68,59,68,53,73,80,80,66,69,65,67.25,0
197,Gabriel Arturo Torres Tejada,31,88.0,64.0,71.0,50,65,67,63,51,72,89,79,70,60,55,69,66,67.4375,0
198,Lucas Ramón Barrios Cáceres,35,56.0,73.0,66.0,56,75,75,64,66,68,55,64,65,46,77,64,65,64.6875,0
199,Nolan Roux,32,66.0,70.0,71.0,64,69,75,67,68,71,66,70,67,71,72,68,64,68.6875,0
200,Mustapha Yatabaré,34,64.0,71.0,66.0,59,70,75,63,60,69,64,62,66,50,79,69,62,65.5625,0
201,Patrick Mortensen,30,54.0,70.0,64.0,39,73,73,63,65,70,55,61,69,51,75,57,64,62.6875,0
202,Juan Villar Vázquez,32,89.0,69.0,71.0,67,69,62,64,69,68,91,91,70,69,72,66,73,72.5,1
203,Sebastian Polter,29,72.0,69.0,61.0,50,72,73,54,67,63,77,58,71,59,75,60,50,64.4375,0
204,석현준 玄铉俊,29,59.0,72.0,68.0,58,70,72,59,67,72,60,66,65,44,83,69,55,64.9375,0
205,Marco Jhonnier Pérez Murillo,29,85.0,71.0,67.0,69,74,67,66,57,65,87,76,64,65,73,68,65,69.9375,0
206,Mickaël Le Bihan,30,52.0,70.0,70.0,56,72,70,59,66,70,46,69,69,63,75,60,61,64.25,0
207,Alexander Toft Søderlund,32,63.0,70.0,63.0,53,71,75,60,67,66,64,62,71,51,75,66,51,64.25,0
208,Gaëtan Courtet,31,66.0,74.0,66.0,66,74,67,67,61,65,67,71,68,73,76,77,68,69.125,0
209,Michael de Leeuw,33,53.0,69.0,69.0,52,68,83,65,68,73,52,67,71,74,69,68,68,66.8125,0
210,Roman Zozulya,30,76.0,68.0,64.0,51,68,76,68,67,65,76,70,70,70,74,62,62,67.9375,0
211,Emilio José Zelaya,32,73.0,71.0,61.0,64,74,74,61,67,59,73,59,68,61,73,65,65,66.75,0
212,Hellings Frank Mhango,27,77.0,73.0,70.0,42,78,56,51,68,68,75,75,63,74,73,63,58,66.5,0
213,Leandro Marcos Peruchena Pereira,28,65.0,69.0,67.0,44,72,73,67,67,72,65,64,66,37,71,62,57,63.625,0
214,Stefan Mugoša,28,68.0,69.0,68.0,32,73,72,57,64,72,71,64,69,54,71,60,54,63.625,0
215,Leonardo Mancuso,28,76.0,70.0,72.0,62,73,61,64,70,70,80,80,72,80,69,64,66,70.5625,1
216,Stanislav Iljutcenko,29,75.0,70.0,63.0,50,74,71,57,66,62,76,66,64,61,73,63,50,65.0625,0
217,Thiago Santos Santana,27,67.0,71.0,67.0,40,73,67,64,71,69,68,66,66,63,76,64,63,65.9375,0
218,Elton Matheus Bessa Acuna,24,86.0,68.0,76.0,40,71,61,61,75,75,87,87,78,87,62,63,65,71.375,1
219,Yannick Arthur Gomis,28,81.0,69.0,70.0,57,68,67,58,62,71,81,78,61,64,70,68,51,67.25,0
220,Túlio Sebastião Sandoiro Baumer,24,64.0,71.0,73.0,57,71,66,64,75,75,62,67,73,57,73,70,66,67.75,0
221,João Pedro Junqueira de Jesus,18,79.0,66.0,72.0,56,68,70,62,63,69,76,80,70,60,68,57,63,67.4375,0
222,Joshua Thomas Sargent,20,79.0,68.0,69.0,54,72,64,65,62,69,79,76,69,68,69,61,59,67.6875,0
223,Moussa Kalilou Djitté,20,79.0,67.0,73.0,56,71,64,62,53,70,79,90,65,74,67,59,57,67.875,0
224,Janni-Luca Serra,22,67.0,69.0,58.0,41,71,73,60,70,64,79,51,62,37,75,60,49,61.625,0
225,Ernesto Alexis Vega Rojas,22,74.0,71.0,71.0,59,74,58,57,60,68,74,71,68,71,70,68,60,67.125,0
226,Dominic Solanke,22,66.0,67.0,70.0,54,66,68,68,67,72,68,67,65,66,73,63,63,66.4375,0
227,Ivan Toney,24,77.0,68.0,69.0,44,73,67,61,65,67,77,83,67,69,67,59,57,66.875,0
228,Marko Raguž,22,70.0,67.0,70.0,52,69,64,64,63,70,71,65,72,60,68,59,64,65.5,0
229,Jorge Renán Benguche Ramírez,24,68.0,70.0,61.0,34,71,78,56,59,64,70,61,61,47,82,64,55,62.5625,0
230,Silvère Ganvoula M'boussy,24,81.0,68.0,60.0,36,65,75,63,61,60,90,58,64,53,77,67,61,64.9375,0
231,Lyndon Dykes,24,69.0,67.0,64.0,34,69,77,59,63,67,70,62,63,68,68,61,54,63.4375,0
232,Kasper Junker,26,83.0,68.0,66.0,44,71,63,59,62,66,86,71,67,72,68,63,64,67.0625,0
233,Jack Marriott,25,83.0,69.0,67.0,41,73,61,62,65,66,80,82,68,83,70,61,58,68.0625,0
234,Thomas Henry,25,61.0,67.0,58.0,51,72,76,62,62,64,68,48,72,42,71,52,50,61.0,0
235,Carlos Antônio de Souza Júnior,25,86.0,67.0,74.0,60,70,60,67,67,74,85,76,64,70,66,65,64,69.6875,0
236,Adriàn Dalmau Vaquer,26,71.0,71.0,66.0,53,73,78,57,66,66,71,73,64,65,71,70,53,66.75,0
237,Jonathan Bolingi Mpangi Merikani,26,74.0,66.0,68.0,64,70,75,66,58,70,76,65,67,65,68,58,65,67.1875,0
238,Alexandre Xavier Pereira Guedes,26,61.0,68.0,66.0,58,71,71,66,64,69,61,59,65,43,73,59,53,62.9375,0
239,Veton Berisha,26,83.0,68.0,70.0,59,68,56,64,64,68,82,75,67,83,72,66,66,69.4375,0
240,Alexander Alegría Moreno,27,50.0,69.0,68.0,48,69,73,66,72,74,52,66,68,41,71,66,56,63.0625,0
241,이동국 李东国,41,32.0,77.0,58.0,65,79,75,60,88,70,32,33,62,63,75,67,65,62.5625,0
242,박주영 朴周永,34,61.0,70.0,71.0,64,72,67,75,70,74,65,70,61,69,66,66,75,68.5,0
243,Ronnie Schwartz Nielsen,30,70.0,71.0,65.0,58,74,61,66,64,66,71,67,67,67,72,62,55,66.0,0
244,Sam Vokes,30,46.0,72.0,60.0,59,70,79,56,70,71,49,48,73,52,80,65,68,63.625,0
245,Ömer Hasan Şişmanoğlu,30,73.0,67.0,65.0,53,70,75,65,60,64,75,66,70,58,65,62,63,65.6875,0
246,Flavio Emmanuel Lopes Paixão,35,68.0,68.0,70.0,64,70,73,66,62,71,70,80,65,67,70,63,68,68.4375,0
247,Sergio Ezequiel Araújo,28,74.0,68.0,73.0,59,69,60,63,69,75,74,74,78,71,68,66,65,69.125,0
248,Dario Tadić,30,65.0,71.0,67.0,68,73,66,58,68,68,64,71,65,71,75,65,68,67.6875,0
249,永井 謙佑,31,93.0,66.0,66.0,59,69,65,67,60,63,93,83,69,66,67,60,63,69.3125,0
250,金崎 夢生,31,78.0,68.0,69.0,62,68,68,67,69,69,76,82,66,65,70,66,67,69.375,0
251,Ángelo José Rodríguez Henry,31,72.0,66.0,66.0,45,67,68,63,57,70,74,59,73,54,74,59,59,64.125,0
252,Pablo César Velázquez Centurión,33,64.0,69.0,65.0,32,68,78,56,59,68,64,67,70,42,76,65,66,63.0625,0
253,Kieffer Moore,27,75.0,66.0,63.0,58,68,76,58,65,69,77,50,68,50,71,55,54,63.9375,0
254,Eric de Oliveira Pereira,34,56.0,69.0,71.0,72,69,50,72,67,74,52,60,63,76,68,70,72,66.3125,0
255,Yacine Bammou,28,66.0,71.0,70.0,60,70,74,71,66,72,67,70,63,51,75,71,63,67.5,0
256,Marcos Daniel Riquelme,31,89.0,67.0,66.0,42,69,65,57,57,67,89,79,68,65,70,66,58,67.125,0
257,Nikola Stojiljković,27,66.0,69.0,65.0,56,69,74,64,70,66,67,64,67,62,76,63,61,66.1875,0
258,Mikkel Rygaard Jensen,29,69.0,62.0,71.0,63,61,48,73,58,73,67,76,72,74,63,65,74,66.8125,0
259,Ignacio Alejandro Jeraldino Jul,24,67.0,67.0,65.0,38,70,68,54,52,69,67,57,71,58,68,59,49,61.1875,0
260,Adam Fernando Bareiro Gamarra,23,69.0,67.0,67.0,34,72,68,55,53,70,69,59,62,59,61,65,54,61.5,0
261,Bruno Duarte da Silva,24,69.0,68.0,67.0,59,72,68,66,66,69,69,69,68,67,63,67,62,66.8125,0
262,Adam Buksa,23,69.0,67.0,65.0,47,71,70,63,61,67,70,63,66,48,65,61,65,63.625,0
263,知念 庆,25,76.0,65.0,69.0,41,69,65,61,61,67,79,75,68,66,65,60,59,65.375,0
264,Ercan Kara,24,61.0,69.0,56.0,32,70,74,58,64,63,68,52,64,35,75,63,54,59.875,0
265,Cayetano Quintana Hernández,26,76.0,67.0,68.0,37,74,67,57,56,69,77,73,64,71,60,59,57,64.5,0
266,Marko Dugandžić,26,61.0,66.0,63.0,27,72,73,54,66,64,59,58,68,80,71,48,32,60.125,0
267,José Antonio dos Santos Júnior,25,69.0,67.0,68.0,53,70,66,60,53,70,78,63,60,34,73,61,54,62.4375,0
268,Piotr Parzyszek,26,61.0,66.0,62.0,42,70,73,66,65,66,62,59,69,58,66,58,57,62.5,0
269,Mikael Ishak,27,71.0,69.0,63.0,57,71,71,64,64,65,74,62,61,64,73,65,59,65.8125,0
270,Sergiu Florin Buș,27,68.0,69.0,62.0,48,69,69,59,60,63,70,69,65,66,76,64,51,64.25,0
271,Francesco Margiotta,26,62.0,70.0,69.0,62,71,56,66,62,68,62,66,69,74,71,67,61,66.0,0
272,Umut Bulut,37,49.0,71.0,58.0,58,70,75,57,60,60,54,34,70,42,75,70,59,60.125,0
273,Chris Elliott Wondolowski,37,40.0,71.0,61.0,54,75,70,61,70,62,42,52,80,56,71,60,61,61.625,0
274,Hugo Filipe da Costa Oliveira,31,83.0,66.0,71.0,67,66,60,59,69,69,86,78,72,69,70,60,68,69.5625,0
275,Mame Biram Diouf,32,75.0,68.0,66.0,64,67,72,63,64,65,78,73,64,60,72,64,67,67.625,0
276,Matt Godden,28,65.0,68.0,66.0,42,70,70,58,64,67,67,71,67,86,68,62,53,65.25,0
277,Marley Watkins,29,76.0,62.0,69.0,61,66,66,67,55,66,75,78,64,82,63,61,67,67.375,0
278,Erick Estéfano Torres Padilla,27,68.0,68.0,66.0,64,66,69,64,68,64,68,68,70,61,72,65,68,66.8125,0
279,Álvaro Vázquez García,29,73.0,69.0,68.0,59,70,63,61,65,68,73,70,65,70,71,66,60,66.9375,0
280,이정기 李荣,29,64.0,66.0,63.0,32,67,76,54,60,61,66,71,66,75,68,62,57,63.0,0
281,Jón Daði Böðvarsson,28,70.0,65.0,67.0,59,66,68,62,63,71,75,62,67,56,65,61,62,64.9375,0
282,Martín Cauteruccio Rodríguez,33,64.0,69.0,68.0,55,67,69,65,66,69,68,68,66,65,74,68,59,66.25,0
283,Lukas Nmecha,21,80.0,64.0,68.0,39,67,63,62,48,71,83,70,60,65,72,52,63,64.1875,0
284,Saša Kalajdžić,22,72.0,65.0,65.0,59,70,70,65,57,69,73,61,64,51,64,61,68,64.625,0
285,Víctor Alejandro Dávila Zavala,22,70.0,66.0,75.0,45,69,43,75,65,74,70,77,69,73,68,62,64,66.5625,0
286,Aldin Turkeš,24,70.0,67.0,66.0,45,72,68,56,56,68,72,65,63,61,68,59,60,63.5,0
287,Cristian Daniel Arango Duque,25,70.0,66.0,70.0,45,65,67,54,56,71,70,67,68,66,74,66,59,64.625,0
288,Rivaldo Vitor Mosca Ferreira Júnior,25,70.0,68.0,63.0,51,69,70,61,49,66,73,59,62,75,73,66,65,65.0,0
289,Daouda Karamoko Bamba,25,86.0,65.0,67.0,52,66,61,58,60,63,83,83,61,69,70,59,56,66.1875,0
290,Corey Baird,24,79.0,65.0,66.0,53,69,67,61,56,66,80,69,64,67,68,57,59,65.375,0
291,Joseph Isiah Efford,23,77.0,66.0,68.0,59,68,48,67,58,67,78,74,67,76,68,62,63,66.625,0
292,Federico Oscar Andrada,26,74.0,70.0,64.0,58,66,60,63,61,64,75,71,65,65,77,77,68,67.375,0
293,Jamal Thiaré,27,81.0,65.0,69.0,52,67,57,62,61,69,82,82,64,76,67,59,54,66.6875,0
294,Hólmbert Aron Friðjónsson,27,65.0,66.0,61.0,37,67,72,53,61,64,68,54,63,54,70,63,55,60.8125,0
295,Albert Bunjaku,36,60.0,68.0,69.0,50,71,64,62,63,68,55,68,67,77,70,60,60,64.5,0
296,Joe Garner,32,64.0,68.0,65.0,49,67,76,58,69,64,63,74,66,76,69,66,56,65.625,0
297,Adam Nemec,34,53.0,69.0,65.0,42,70,76,52,61,71,52,57,63,59,77,62,42,60.6875,0
298,Guillermo Federico Molins Palmeiro,31,53.0,69.0,68.0,63,69,56,66,67,68,52,65,67,62,72,68,68,64.5625,0
299,Reza Ghoochannejhad Nournia,32,66.0,66.0,69.0,54,67,64,65,67,69,67,70,71,71,65,64,65,66.25,0
300,Mario Júnior Rondón Fernández,34,68.0,65.0,68.0,68,65,70,63,63,69,66,70,68,64,67,63,66,66.4375,0
301,James Norwood,29,77.0,67.0,64.0,47,69,68,59,61,66,79,69,66,64,69,63,56,65.25,0
302,John Marquis,28,70.0,65.0,62.0,39,67,72,54,62,59,71,64,68,66,68,59,62,63.0,0
303,Tom Eaves,28,53.0,68.0,59.0,33,68,76,55,63,62,54,58,62,34,79,60,53,58.5625,0
304,Mitchell te Vrede,28,41.0,69.0,54.0,28,71,80,59,66,66,45,37,66,49,72,64,43,56.875,0
305,Patrick James Hoban,28,65.0,67.0,61.0,54,71,71,58,61,65,65,64,66,66,67,59,54,63.375,0
306,Philipp Hosiner,31,79.0,64.0,66.0,50,68,61,58,64,66,80,75,69,81,65,52,59,66.0625,0
307,Mohammed Saeid,29,71.0,61.0,71.0,62,56,32,68,38,69,69,83,69,89,76,59,65,64.875,0
308,Sokol Çikalleshi,29,68.0,69.0,59.0,57,67,73,56,69,63,68,37,64,38,75,69,55,61.6875,0
309,Tom van Weert,30,65.0,68.0,65.0,39,70,69,62,64,65,64,68,66,68,69,63,58,63.9375,0
310,Braian Ezequiel Romero,29,86.0,65.0,70.0,61,72,43,64,33,70,88,79,68,72,74,55,60,66.25,0
311,Matty Taylor,30,74.0,66.0,67.0,49,69,67,64,55,67,74,79,64,83,67,60,67,67.0,0
312,Nazario Kaio Rios Baumer,28,74.0,66.0,75.0,48,74,62,61,56,73,74,83,65,76,62,56,58,66.4375,0
313,Feiver Alfonso Mercado Galera,30,66.0,69.0,68.0,34,72,64,57,53,68,69,70,60,68,69,65,66,63.625,0
314,Jeferson Collazos Viveros,29,71.0,65.0,64.0,40,63,72,65,59,70,71,70,69,60,69,68,38,63.375,0
315,Carlos Ariel Neumann Torres,34,67.0,67.0,65.0,64,70,67,60,67,69,67,80,70,64,66,61,68,67.0,0
316,Alexis Hernán Blanco,32,69.0,64.0,69.0,48,67,71,58,59,75,66,70,69,64,59,64,55,64.1875,0
317,Ander Vitoria Agirre,30,62.0,66.0,64.0,35,68,67,65,70,65,63,63,67,66,64,58,49,62.0,0
318,Charles Nathan Abi,20,77.0,63.0,67.0,59,63,63,64,56,68,77,68,59,42,67,58,59,63.125,0
319,Juan Ignacio Ramírez Polero,23,68.0,67.0,59.0,38,73,64,59,67,58,69,71,66,67,66,55,47,62.125,0
320,Zander Mateo Cassierra Cabezas,23,74.0,65.0,65.0,54,67,64,65,63,63,74,74,64,57,66,61,60,64.75,0
321,Ibán Salvador Edú,24,81.0,67.0,71.0,65,67,59,63,56,69,78,88,58,80,71,66,63,68.875,0
322,Makhtar Gueye,22,48.0,70.0,58.0,49,73,69,57,66,62,52,47,59,31,75,63,52,58.1875,0
323,Christopher Michael Long,25,77.0,66.0,65.0,43,70,62,59,50,67,78,68,62,60,64,64,55,63.125,0
324,Chris Vianney Bedia,24,75.0,64.0,66.0,39,65,69,61,51,62,78,68,65,58,71,56,61,63.0625,0
325,Dino Islamović,26,62.0,69.0,62.0,41,66,57,63,67,64,60,61,66,59,78,68,63,62.875,0
326,Cristian Ariel Colmán Ortíz,26,72.0,65.0,66.0,29,63,69,51,64,64,79,71,59,73,72,59,52,63.0,0
327,Georgios Giakoumakis,25,68.0,66.0,62.0,36,67,69,55,61,61,70,63,60,55,72,62,46,60.8125,0
328,Diego Iván Rubio Kostner,27,65.0,72.0,70.0,52,72,67,63,70,70,64,73,68,75,74,68,58,67.5625,0
329,Tom Boere,27,68.0,68.0,60.0,43,66,70,58,64,59,71,62,59,62,76,63,54,62.6875,0
330,Dominique Badji,27,77.0,62.0,66.0,44,65,71,59,52,66,80,67,64,62,66,53,52,62.875,0
331,Mayron Antonio George Clayton,26,87.0,60.0,62.0,43,58,67,56,57,62,87,66,63,60,75,52,46,62.5625,0
332,Jakov Puljić,26,69.0,67.0,64.0,52,67,62,62,61,66,68,57,63,60,69,68,63,63.625,0
333,Ian Henderson,35,59.0,68.0,68.0,61,71,52,62,63,69,63,70,66,75,64,65,69,65.3125,0
334,Faneva Imà Andriatsima,36,56.0,67.0,63.0,55,67,65,57,63,68,57,55,63,68,68,63,55,61.875,0
335,Michiel Kramer,31,46.0,64.0,56.0,47,68,77,65,63,63,48,51,66,40,67,50,58,58.0625,0
336,Emir Kujović,32,37.0,70.0,56.0,33,69,76,60,69,63,39,32,59,32,74,67,47,55.1875,0
337,Simon Makienok Christoffersen,29,35.0,67.0,59.0,30,66,82,63,66,69,35,34,64,31,69,64,48,55.125,0
338,Edgar Hernández Marcé,33,56.0,70.0,62.0,57,68,72,55,67,66,60,56,63,42,74,69,53,61.875,0
339,Andrey Galabinov,31,36.0,70.0,58.0,50,71,68,63,64,64,36,41,66,34,70,69,52,57.0,0
340,Terrence Boyd,29,47.0,69.0,58.0,30,69,73,57,74,62,47,54,60,55,78,65,41,58.6875,0
341,Per Frick,28,73.0,64.0,59.0,52,67,65,62,59,58,71,73,67,70,64,58,59,63.8125,0
342,Adam Frączczak,32,71.0,64.0,64.0,65,65,65,65,57,61,71,71,70,68,65,60,63,65.3125,0
343,Johannes Wurtz,28,69.0,64.0,63.0,57,62,70,64,64,59,68,68,71,67,71,62,64,65.1875,0
344,Gerardo Sebastián Gularte Fros,30,71.0,67.0,65.0,32,71,68,59,54,67,71,71,57,67,67,63,44,62.125,0
345,Breno Vicente Laranjeiro Rosan,20,70.0,56.0,67.0,68,58,63,70,61,71,71,67,61,68,53,52,70,64.125,0
346,Jørgen Strand Larsen,20,61.0,63.0,63.0,41,64,63,61,59,66,66,54,64,52,67,59,60,60.1875,0
347,Danilo Pereira Da Silva,21,74.0,64.0,71.0,44,68,58,61,65,69,74,75,60,76,58,61,62,65.0,0
348,Alexis Gonçalves Pereira,23,76.0,66.0,65.0,46,67,54,58,57,65,75,66,51,68,74,61,47,62.25,0
349,Samuel Mráz,23,72.0,64.0,63.0,48,67,68,63,50,60,73,66,65,63,65,62,56,62.8125,0
350,Scott Kashket,24,85.0,61.0,68.0,59,62,46,59,54,63,85,86,56,85,62,60,58,65.5625,0
351,Finn Stokkers,24,71.0,65.0,64.0,32,68,63,56,58,67,73,70,60,70,66,60,40,61.4375,0
352,Marco Antonio Bueno Ontiveros,26,78.0,61.0,66.0,59,62,70,61,48,65,79,78,63,63,65,58,55,64.4375,0
353,Vincent Vermeij,25,50.0,64.0,55.0,49,67,82,59,58,56,53,43,60,46,69,55,59,57.8125,0
354,Osayamen Osawe,26,87.0,62.0,63.0,43,62,61,60,62,61,88,73,63,67,65,60,52,64.3125,0
355,Frederik Lund Gytkjær,27,70.0,63.0,67.0,53,67,55,63,48,67,69,75,67,70,62,59,55,63.125,0
356,Hugo Gabriel Silveira Pereira,27,59.0,66.0,56.0,39,69,74,49,58,61,63,53,62,46,74,54,54,58.5625,0
357,Jay Bothroyd,38,30.0,67.0,60.0,61,68,76,65,62,69,30,31,55,31,72,61,58,56.0,0
358,Andrei Cristea,36,63.0,64.0,63.0,66,68,62,64,60,64,65,66,65,68,70,49,58,63.4375,0
359,양동현 梁东炫,34,48.0,66.0,65.0,51,66,64,57,57,67,47,67,66,62,68,64,58,60.8125,0
360,Kjartan Henry Finnbogason,33,62.0,65.0,60.0,43,67,66,56,56,63,63,52,69,60,68,60,55,60.3125,0
361,Matt Derbyshire,34,72.0,66.0,62.0,57,66,63,63,64,63,69,67,67,60,67,65,59,64.375,0
362,Ched Evans,31,62.0,66.0,59.0,45,66,66,55,64,62,62,66,67,63,72,62,61,62.375,0
363,Cillian Sheridan,31,75.0,63.0,60.0,45,63,66,63,57,60,82,56,62,55,66,61,63,62.3125,0
364,Will Grigg,28,69.0,67.0,64.0,31,66,65,59,68,62,71,70,62,73,67,66,54,63.375,0
365,Irven Beybe Ávila Acero,29,66.0,68.0,66.0,36,72,65,57,60,63,65,76,71,89,64,65,37,63.75,0
366,Gilbert Álvarez Vargas,28,65.0,68.0,55.0,43,73,68,49,61,57,72,69,57,60,65,61,38,60.0625,0
367,Yacine Qasmi,29,56.0,66.0,60.0,42,66,61,56,64,62,61,63,69,52,73,58,48,59.8125,0
368,Pascal Breier,28,69.0,64.0,67.0,57,66,61,56,62,65,69,68,65,67,66,62,57,63.8125,0
369,Hendrick Zuck,29,71.0,49.0,68.0,65,34,49,68,60,66,70,80,64,80,65,58,70,63.5625,0
370,Malik Tchokounté,31,47.0,64.0,58.0,40,67,73,62,63,62,50,54,61,53,65,58,56,58.3125,0
371,Gustavo Ezequiel Britos,30,72.0,64.0,62.0,37,64,69,46,58,58,66,74,66,82,67,61,56,62.625,0
372,오세훈 Se Hun Oh,21,56.0,61.0,60.0,28,69,76,50,44,62,60,59,62,74,62,47,54,57.75,0
373,Randal Kolo Muani,21,70.0,63.0,65.0,32,65,68,58,52,67,72,69,52,54,62,63,54,60.375,0
374,Stephen Humphrys,22,70.0,65.0,64.0,53,65,60,55,58,63,70,66,60,67,68,62,53,62.4375,0
375,Astrit Selmani,23,68.0,65.0,65.0,29,68,56,54,52,65,68,66,59,63,64,60,55,59.8125,0
376,Firas Chaouat,24,67.0,65.0,61.0,38,68,57,52,64,59,70,60,59,57,66,58,53,59.625,0
377,Lars Lokotsch,24,72.0,61.0,63.0,24,67,73,53,57,66,75,59,49,58,60,50,52,58.6875,0
378,Lars-Jørgen Salvesen,24,68.0,64.0,60.0,41,65,63,52,52,60,67,68,62,68,70,58,52,60.625,0
379,Fabian Piasecki,25,76.0,63.0,61.0,51,65,58,63,56,63,77,62,57,62,63,59,49,61.5625,0
380,Jerry Yates,23,73.0,64.0,64.0,41,66,59,55,58,64,73,74,63,80,63,62,53,63.25,0
381,Abdullah Al Salem,27,63.0,65.0,66.0,45,65,58,65,53,67,60,67,61,54,67,65,65,61.625,0
382,Khiry Shelton,27,74.0,56.0,65.0,54,56,64,64,45,65,74,64,58,56,64,47,63,60.5625,0
383,Stefan Maierhofer,37,30.0,68.0,43.0,43,65,84,51,63,48,30,29,65,28,78,63,67,53.4375,0
384,Zlatko Janjić,34,63.0,64.0,64.0,65,62,65,65,68,64,64,65,65,70,66,63,62,64.6875,0
385,Flamur Kastrati,28,80.0,62.0,64.0,53,61,65,55,55,62,80,76,60,66,70,56,56,63.8125,0
386,Jonathan Chiedozie Obika,29,70.0,62.0,61.0,31,63,65,53,56,65,70,65,58,60,67,54,39,58.6875,0
387,Mushagalusa Bakenga Joar Namugunga,27,78.0,61.0,64.0,57,62,62,59,60,63,78,77,61,73,63,59,49,64.125,0
388,Roope Riski,28,83.0,63.0,66.0,57,66,61,53,64,64,81,79,65,72,59,59,48,65.0,0
389,Mohammad Ibrahim Al Sahlawi,33,55.0,66.0,62.0,58,67,63,65,65,62,59,67,68,66,67,64,63,63.5625,0
390,Juan Manuel Tévez,32,86.0,63.0,64.0,34,68,44,49,49,67,89,76,67,66,58,59,46,61.5625,0
391,Daryl Dike,20,70.0,61.0,50.0,30,65,60,57,33,54,74,51,61,50,76,44,40,54.75,0
392,Mohamed Lamine Diaby-Fadiga,19,66.0,63.0,62.0,49,64,63,60,59,63,67,61,59,59,64,62,59,61.25,0
393,Dylan Wenzel-Halls,22,78.0,64.0,64.0,28,67,56,53,56,60,78,82,49,69,64,59,60,61.6875,0
394,Adrián Szőke,22,72.0,61.0,61.0,43,67,67,64,67,65,67,71,48,56,55,53,66,61.4375,0
395,César Alejandro Menacho Claros,20,70.0,48.0,65.0,65,49,37,59,38,69,69,77,47,56,48,48,55,56.25,0
396,Jordan Tell,23,63.0,64.0,61.0,59,65,73,63,63,64,61,64,46,59,63,64,51,61.4375,0
397,André Ricardo Ferreira Schutte,22,63.0,65.0,63.0,38,65,63,57,63,62,63,60,58,65,70,61,47,60.1875,0
398,Alexander Schmidt,22,54.0,62.0,60.0,32,64,74,51,56,61,55,55,57,34,65,56,49,55.3125,0
399,Jevani Brown,25,76.0,56.0,64.0,49,58,44,64,53,62,77,76,53,72,54,52,65,60.9375,0
400,Mikael Mandron,25,62.0,60.0,63.0,47,60,64,59,52,65,59,65,60,53,67,56,58,59.375,0
401,Vladislavs Gutkovskis,25,72.0,62.0,62.0,32,64,61,61,53,65,69,64,57,58,63,56,55,59.625,0
402,Ibrahima Wadji,25,87.0,61.0,66.0,58,63,49,54,51,63,87,80,56,83,64,56,53,64.4375,0
403,Tom Hopper,26,63.0,62.0,61.0,48,65,63,56,58,61,66,69,63,64,64,52,57,60.75,0
404,Gustav Ludwigson,26,72.0,62.0,62.0,45,66,54,59,57,63,71,66,60,71,60,58,61,61.6875,0
405,Caolan Lavery,27,75.0,62.0,63.0,55,63,58,58,57,62,76,73,59,70,64,60,55,63.125,0
406,Steffen Lie Skålevik,27,72.0,63.0,61.0,52,64,63,55,49,60,73,60,61,65,67,59,54,61.125,0
407,Nicke Kabamba,27,74.0,61.0,60.0,29,63,62,52,57,62,74,59,58,47,64,56,43,57.5625,0
408,John Akinde,30,73.0,61.0,56.0,46,62,61,48,56,53,77,62,64,61,64,53,56,59.5625,0
409,Billy Robert McKay,31,70.0,64.0,65.0,44,68,61,55,60,62,65,78,60,83,62,60,62,63.6875,0
410,Kane Hemmings,28,72.0,61.0,63.0,38,61,62,57,53,63,71,68,57,64,65,60,63,61.125,0
411,Kevin van Veen,29,51.0,67.0,61.0,54,65,60,47,65,64,52,62,58,52,76,66,57,59.8125,0
412,Sargon Abraham,29,60.0,62.0,67.0,62,61,52,64,66,68,60,65,54,66,63,64,59,62.0625,0
413,Miguel Gerardo Suárez Savino,27,82.0,57.0,59.0,62,57,60,62,57,52,83,83,62,81,59,53,63,64.5,0
414,Roberts Uldriķis,22,43.0,61.0,54.0,49,63,75,55,55,59,44,32,55,47,62,59,52,54.0625,0
415,Anton-Leander Donkor,22,77.0,60.0,63.0,58,60,54,57,57,62,80,64,55,69,70,54,51,61.9375,0
416,Iké Ugbo,21,73.0,59.0,58.0,37,65,62,60,60,61,76,66,58,57,58,48,51,59.3125,0
417,Brandon Hanlan,23,86.0,61.0,64.0,48,58,55,48,58,62,87,74,55,77,70,59,47,63.0625,0
418,Julius Düker,24,66.0,58.0,63.0,58,60,63,60,56,65,66,61,61,66,61,54,63,61.3125,0
419,Víctor Alberto Figueroa,36,63.0,61.0,63.0,46,59,71,64,49,62,61,62,70,85,70,69,55,63.125,0
420,Kamil Biliński,32,62.0,62.0,61.0,53,60,65,60,62,60,61,63,62,69,68,58,46,60.75,0
421,Naif Ahmed Taib Hazazi,31,58.0,63.0,60.0,58,64,66,59,62,63,57,65,53,55,67,57,55,60.125,0
422,James Hanson,32,30.0,63.0,52.0,37,62,74,55,62,61,32,64,65,55,71,58,54,55.9375,0
423,Nicholas Clark,29,68.0,63.0,62.0,41,64,57,64,55,60,67,63,58,81,66,59,43,60.6875,0
424,Aaron Greene,30,82.0,58.0,61.0,52,57,58,61,52,62,84,70,53,63,63,53,56,61.5625,0
425,Kristian Fardal Opseth,30,63.0,63.0,58.0,59,63,61,59,49,59,62,57,55,55,68,62,49,58.875,0
426,Janio Carlo Pósito Olazábal,30,60.0,63.0,62.0,37,69,66,58,60,60,62,58,62,67,57,58,50,59.3125,0
427,Nicolás Fernando Cordero,21,64.0,64.0,61.0,49,63,57,51,57,59,64,63,54,69,71,63,54,60.1875,0
428,Vinni Dugary Triboulet,21,71.0,62.0,60.0,38,65,57,57,54,56,66,63,57,62,62,56,54,58.75,0
429,Sivert Gussiås,20,64.0,62.0,58.0,30,64,58,49,51,59,66,52,58,57,62,59,54,56.4375,0
430,Kevin Luckassen,26,75.0,60.0,59.0,31,59,58,52,56,60,74,67,53,70,68,57,42,58.8125,0
431,Mark Cullen,28,70.0,59.0,58.0,49,61,63,49,60,57,74,72,57,72,58,53,62,60.875,0
432,Mateusz Kuzimski,29,72.0,61.0,58.0,58,63,58,54,58,60,73,67,59,56,64,53,61,60.9375,0
433,Luis Emanuel Nițu,19,84.0,58.0,64.0,57,62,36,56,57,63,85,81,63,58,62,45,53,61.5,0
434,Charlie Kelman,18,81.0,60.0,62.0,44,62,51,46,53,60,80,75,53,71,60,57,50,60.3125,0
435,Aleksander Buksa,17,70.0,58.0,59.0,42,60,56,52,44,59,71,58,64,56,62,55,51,57.3125,0
436,Erik Botheim,20,65.0,61.0,60.0,32,62,59,46,42,60,67,67,59,69,62,61,51,57.6875,0
437,Callum Hendry,22,69.0,61.0,64.0,32,65,60,48,55,63,69,62,52,70,59,60,45,58.375,0
438,Jesús Andrés Ramírez Díaz,22,74.0,60.0,60.0,44,68,67,61,38,56,77,72,48,67,62,47,67,60.5,0
439,Andre Wright,23,74.0,60.0,57.0,36,60,58,52,53,57,74,52,55,60,67,54,62,58.1875,0
440,Ronan Liam Coughlan,23,72.0,57.0,63.0,57,62,58,54,43,58,71,72,60,80,56,48,58,60.5625,0
441,Cole Stockton,26,63.0,60.0,56.0,41,62,57,52,40,57,63,62,59,68,64,57,59,57.5,0
442,Jaushua Sotirio,24,89.0,48.0,58.0,56,50,48,53,36,53,90,84,53,77,49,42,55,58.8125,0
443,Enzo Roberto Díaz Morales,28,49.0,62.0,56.0,37,64,58,55,52,61,50,44,51,60,65,61,62,55.4375,0
444,Guillermo Orlando Fernández Gagliardi,32,64.0,58.0,51.0,35,65,68,58,47,43,61,65,58,76,59,43,53,56.5,0
445,Josh Koroma,21,73.0,55.0,61.0,47,58,43,58,53,59,73,69,54,73,56,48,48,58.0,0
446,Danny Johnson,27,68.0,64.0,55.0,31,64,59,49,60,51,68,72,49,73,70,61,50,59.0,0
447,Fábio Fortes Moreira,28,55.0,58.0,59.0,46,58,65,48,61,61,58,46,54,53,62,54,44,55.125,0
448,Rekeil Pyke,22,77.0,55.0,61.0,36,59,52,50,40,62,78,72,52,62,54,51,49,56.875,0
449,Ethan Zubak,22,57.0,58.0,56.0,29,60,57,49,54,56,58,62,58,54,61,53,43,54.0625,0
450,Tyreece Romayo John-Jules,19,73.0,56.0,60.0,43,60,44,51,44,57,74,74,57,68,60,45,46,57.0,0
451,Georgie Kelly,23,59.0,56.0,52.0,34,58,61,60,56,55,63,52,53,48,60,49,46,53.875,0
452,Ciarán Kilduff,31,54.0,57.0,54.0,32,57,64,46,57,56,54,56,54,37,57,54,55,52.75,0
453,Mediop Ndiaye,29,74.0,54.0,53.0,45,58,48,47,48,48,77,70,62,68,53,47,47,56.1875,0
454,Łukasz Zjawiński,18,66.0,53.0,56.0,41,56,57,48,41,56,67,58,48,73,55,47,51,54.5625,0
455,Ömer Uzun,20,52.0,61.0,53.0,41,66,69,49,47,55,52,50,57,62,56,58,54,55.125,0
456,Michael O’Connor,21,57.0,55.0,54.0,29,59,56,45,47,57,62,51,52,36,55,51,44,50.625,0
457,Conor Florin Davis,22,64.0,53.0,56.0,33,54,55,48,48,50,64,70,56,74,53,51,52,55.0625,0
458,Gonzalo Gabriel Sánchez Franco,20,55.0,50.0,56.0,28,55,63,51,46,53,51,57,42,67,44,43,46,50.4375,0
459,Nicolás Teodoro Machado Mira,23,56.0,56.0,48.0,44,63,55,43,45,49,60,52,52,53,47,51,43,51.0625,0
460,David Enrique Barreto Benítez,23,72.0,52.0,57.0,42,53,40,44,42,60,73,59,44,63,60,40,43,52.75,0
461,Luis Lawrie-Lattanzio,18,69.0,46.0,57.0,47,49,34,46,34,55,68,61,38,81,57,31,48,51.3125,0
462,Jhon Sergio Pereira Cortéz,21,58.0,55.0,55.0,33,60,52,44,40,60,58,50,49,63,50,49,41,51.0625,0
463,Oscar Taty Maritu,20,52.0,52.0,46.0,26,55,51,26,40,46,54,54,49,58,52,45,40,46.625,0
464,James Akintunde,24,70.0,48.0,44.0,27,49,47,44,44,43,70,57,43,57,50,48,43,49.0,0
